,fname,summary
0,test_0,요약문입니다.
1,test_1,요약문입니다.
2,test_2,요약문입니다.
3,test_3,요약문입니다.
4,test_4,요약문입니다.
5,test_5,요약문입니다.
6,test_6,요약문입니다.
7,test_7,요약문입니다.
8,test_8,요약문입니다.
9,test_9,요약문입니다.
10,test_10,요약문입니다.
11,test_11,요약문입니다.
12,test_12,요약문입니다.
13,test_13,요약문입니다.
14,test_14,요약문입니다.
15,test_15,요약문입니다.
16,test_16,요약문입니다.
17,test_17,요약문입니다.
18,test_18,요약문입니다.
19,test_19,요약문입니다.
20,test_20,요약문입니다.
21,test_21,요약문입니다.
22,test_22,요약문입니다.
23,test_23,요약문입니다.
24,test_24,요약문입니다.
25,test_25,요약문입니다.
26,test_26,요약문입니다.
27,test_27,요약문입니다.
28,test_28,요약문입니다.
29,test_29,요약문입니다.
30,test_30,요약문입니다.
31,test_31,요약문입니다.
32,test_32,요약문입니다.
33,test_33,요약문입니다.
34,test_34,요약문입니다.
35,test_35,요약문입니다.
36,test_36,요약문입니다.
37,test_37,요약문입니다.
38,test_38,요약문입니다.
39,test_39,요약문입니다.
40,test_40,요약문입니다.
41,test_41,요약문입니다.
42,test_42,요약문입니다.
43,test_43,요약문입니다.
44,test_44,요약문입니다.
45,test_45,요약문입니다.
46,test_46,요약문입니다.
47,test_47,요약문입니다.
48,test_48,요약문입니다.
49,test_49,요약문입니다.
50,test_50,요약문입니다.
51,test_51,요약문입니다.
52,test_52,요약문입니다.
53,test_53,요약문입니다.
54,test_54,요약문입니다.
55,test_55,요약문입니다.
56,test_56,요약문입니다.
57,test_57,요약문입니다.
58,test_58,요약문입니다.
59,test_59,요약문입니다.
60,test_60,요약문입니다.
61,test_61,요약문입니다.
62,test_62,요약문입니다.
63,test_63,요약문입니다.
64,test_64,요약문입니다.
65,test_65,요약문입니다.
66,test_66,요약문입니다.
67,test_67,요약문입니다.
68,test_68,요약문입니다.
69,test_69,요약문입니다.
70,test_70,요약문입니다.
71,test_71,요약문입니다.
72,test_72,요약문입니다.
73,test_73,요약문입니다.
74,test_74,요약문입니다.
75,test_75,요약문입니다.
76,test_76,요약문입니다.
77,test_77,요약문입니다.
78,test_78,요약문입니다.
79,test_79,요약문입니다.
80,test_80,요약문입니다.
81,test_81,요약문입니다.
82,test_82,요약문입니다.
83,test_83,요약문입니다.
84,test_84,요약문입니다.
85,test_85,요약문입니다.
86,test_86,요약문입니다.
87,test_87,요약문입니다.
88,test_88,요약문입니다.
89,test_89,요약문입니다.
90,test_90,요약문입니다.
91,test_91,요약문입니다.
92,test_92,요약문입니다.
93,test_93,요약문입니다.
94,test_94,요약문입니다.
95,test_95,요약문입니다.
96,test_96,요약문입니다.
97,test_97,요약문입니다.
98,test_98,요약문입니다.
99,test_99,요약문입니다.
100,test_100,요약문입니다.
101,test_101,요약문입니다.
102,test_102,요약문입니다.
103,test_103,요약문입니다.
104,test_104,요약문입니다.
105,test_105,요약문입니다.
106,test_106,요약문입니다.
107,test_107,요약문입니다.
108,test_108,요약문입니다.
109,test_109,요약문입니다.
110,test_110,요약문입니다.
111,test_111,요약문입니다.
112,test_112,요약문입니다.
113,test_113,요약문입니다.
114,test_114,요약문입니다.
115,test_115,요약문입니다.
116,test_116,요약문입니다.
117,test_117,요약문입니다.
118,test_118,요약문입니다.
119,test_119,요약문입니다.
120,test_120,요약문입니다.
121,test_121,요약문입니다.
122,test_122,요약문입니다.
123,test_123,요약문입니다.
124,test_124,요약문입니다.
125,test_125,요약문입니다.
126,test_126,요약문입니다.
127,test_127,요약문입니다.
128,test_128,요약문입니다.
129,test_129,요약문입니다.
130,test_130,요약문입니다.
131,test_131,요약문입니다.
132,test_132,요약문입니다.
133,test_133,요약문입니다.
134,test_134,요약문입니다.
135,test_135,요약문입니다.
136,test_136,요약문입니다.
137,test_137,요약문입니다.
138,test_138,요약문입니다.
139,test_139,요약문입니다.
140,test_140,요약문입니다.
141,test_141,요약문입니다.
142,test_142,요약문입니다.
143,test_143,요약문입니다.
144,test_144,요약문입니다.
145,test_145,요약문입니다.
146,test_146,요약문입니다.
147,test_147,요약문입니다.
148,test_148,요약문입니다.
149,test_149,요약문입니다.
150,test_150,요약문입니다.
151,test_151,요약문입니다.
152,test_152,요약문입니다.
153,test_153,요약문입니다.
154,test_154,요약문입니다.
155,test_155,요약문입니다.
156,test_156,요약문입니다.
157,test_157,요약문입니다.
158,test_158,요약문입니다.
159,test_159,요약문입니다.
160,test_160,요약문입니다.
161,test_161,요약문입니다.
162,test_162,요약문입니다.
163,test_163,요약문입니다.
164,test_164,요약문입니다.
165,test_165,요약문입니다.
166,test_166,요약문입니다.
167,test_167,요약문입니다.
168,test_168,요약문입니다.
169,test_169,요약문입니다.
170,test_170,요약문입니다.
171,test_171,요약문입니다.
172,test_172,요약문입니다.
173,test_173,요약문입니다.
174,test_174,요약문입니다.
175,test_175,요약문입니다.
176,test_176,요약문입니다.
177,test_177,요약문입니다.
178,test_178,요약문입니다.
179,test_179,요약문입니다.
180,test_180,요약문입니다.
181,test_181,요약문입니다.
182,test_182,요약문입니다.
183,test_183,요약문입니다.
184,test_184,요약문입니다.
185,test_185,요약문입니다.
186,test_186,요약문입니다.
187,test_187,요약문입니다.
188,test_188,요약문입니다.
189,test_189,요약문입니다.
190,test_190,요약문입니다.
191,test_191,요약문입니다.
192,test_192,요약문입니다.
193,test_193,요약문입니다.
194,test_194,요약문입니다.
195,test_195,요약문입니다.
196,test_196,요약문입니다.
197,test_197,요약문입니다.
198,test_198,요약문입니다.
199,test_199,요약문입니다.
200,test_200,요약문입니다.
201,test_201,요약문입니다.
202,test_202,요약문입니다.
203,test_203,요약문입니다.
204,test_204,요약문입니다.
205,test_205,요약문입니다.
206,test_206,요약문입니다.
207,test_207,요약문입니다.
208,test_208,요약문입니다.
209,test_209,요약문입니다.
210,test_210,요약문입니다.
211,test_211,요약문입니다.
212,test_212,요약문입니다.
213,test_213,요약문입니다.
214,test_214,요약문입니다.
215,test_215,요약문입니다.
216,test_216,요약문입니다.
217,test_217,요약문입니다.
218,test_218,요약문입니다.
219,test_219,요약문입니다.
220,test_220,요약문입니다.
221,test_221,요약문입니다.
222,test_222,요약문입니다.
223,test_223,요약문입니다.
224,test_224,요약문입니다.
225,test_225,요약문입니다.
226,test_226,요약문입니다.
227,test_227,요약문입니다.
228,test_228,요약문입니다.
229,test_229,요약문입니다.
230,test_230,요약문입니다.
231,test_231,요약문입니다.
232,test_232,요약문입니다.
233,test_233,요약문입니다.
234,test_234,요약문입니다.
235,test_235,요약문입니다.
236,test_236,요약문입니다.
237,test_237,요약문입니다.
238,test_238,요약문입니다.
239,test_239,요약문입니다.
240,test_240,요약문입니다.
241,test_241,요약문입니다.
242,test_242,요약문입니다.
243,test_243,요약문입니다.
244,test_244,요약문입니다.
245,test_245,요약문입니다.
246,test_246,요약문입니다.
247,test_247,요약문입니다.
248,test_248,요약문입니다.
249,test_249,요약문입니다.
250,test_250,요약문입니다.
251,test_251,요약문입니다.
252,test_252,요약문입니다.
253,test_253,요약문입니다.
254,test_254,요약문입니다.
255,test_255,요약문입니다.
256,test_256,요약문입니다.
257,test_257,요약문입니다.
258,test_258,요약문입니다.
259,test_259,요약문입니다.
260,test_260,요약문입니다.
261,test_261,요약문입니다.
262,test_262,요약문입니다.
263,test_263,요약문입니다.
264,test_264,요약문입니다.
265,test_265,요약문입니다.
266,test_266,요약문입니다.
267,test_267,요약문입니다.
268,test_268,요약문입니다.
269,test_269,요약문입니다.
270,test_270,요약문입니다.
271,test_271,요약문입니다.
272,test_272,요약문입니다.
273,test_273,요약문입니다.
274,test_274,요약문입니다.
275,test_275,요약문입니다.
276,test_276,요약문입니다.
277,test_277,요약문입니다.
278,test_278,요약문입니다.
279,test_279,요약문입니다.
280,test_280,요약문입니다.
281,test_281,요약문입니다.
282,test_282,요약문입니다.
283,test_283,요약문입니다.
284,test_284,요약문입니다.
285,test_285,요약문입니다.
286,test_286,요약문입니다.
287,test_287,요약문입니다.
288,test_288,요약문입니다.
289,test_289,요약문입니다.
290,test_290,요약문입니다.
291,test_291,요약문입니다.
292,test_292,요약문입니다.
293,test_293,요약문입니다.
294,test_294,요약문입니다.
295,test_295,요약문입니다.
296,test_296,요약문입니다.
297,test_297,요약문입니다.
298,test_298,요약문입니다.
299,test_299,요약문입니다.
300,test_300,요약문입니다.
301,test_301,요약문입니다.
302,test_302,요약문입니다.
303,test_303,요약문입니다.
304,test_304,요약문입니다.
305,test_305,요약문입니다.
306,test_306,요약문입니다.
307,test_307,요약문입니다.
308,test_308,요약문입니다.
309,test_309,요약문입니다.
310,test_310,요약문입니다.
311,test_311,요약문입니다.
312,test_312,요약문입니다.
313,test_313,요약문입니다.
314,test_314,요약문입니다.
315,test_315,요약문입니다.
316,test_316,요약문입니다.
317,test_317,요약문입니다.
318,test_318,요약문입니다.
319,test_319,요약문입니다.
320,test_320,요약문입니다.
321,test_321,요약문입니다.
322,test_322,요약문입니다.
323,test_323,요약문입니다.
324,test_324,요약문입니다.
325,test_325,요약문입니다.
326,test_326,요약문입니다.
327,test_327,요약문입니다.
328,test_328,요약문입니다.
329,test_329,요약문입니다.
330,test_330,요약문입니다.
331,test_331,요약문입니다.
332,test_332,요약문입니다.
333,test_333,요약문입니다.
334,test_334,요약문입니다.
335,test_335,요약문입니다.
336,test_336,요약문입니다.
337,test_337,요약문입니다.
338,test_338,요약문입니다.
339,test_339,요약문입니다.
340,test_340,요약문입니다.
341,test_341,요약문입니다.
342,test_342,요약문입니다.
343,test_343,요약문입니다.
344,test_344,요약문입니다.
345,test_345,요약문입니다.
346,test_346,요약문입니다.
347,test_347,요약문입니다.
348,test_348,요약문입니다.
349,test_349,요약문입니다.
350,test_350,요약문입니다.
351,test_351,요약문입니다.
352,test_352,요약문입니다.
353,test_353,요약문입니다.
354,test_354,요약문입니다.
355,test_355,요약문입니다.
356,test_356,요약문입니다.
357,test_357,요약문입니다.
358,test_358,요약문입니다.
359,test_359,요약문입니다.
360,test_360,요약문입니다.
361,test_361,요약문입니다.
362,test_362,요약문입니다.
363,test_363,요약문입니다.
364,test_364,요약문입니다.
365,test_365,요약문입니다.
366,test_366,요약문입니다.
367,test_367,요약문입니다.
368,test_368,요약문입니다.
369,test_369,요약문입니다.
370,test_370,요약문입니다.
371,test_371,요약문입니다.
372,test_372,요약문입니다.
373,test_373,요약문입니다.
374,test_374,요약문입니다.
375,test_375,요약문입니다.
376,test_376,요약문입니다.
377,test_377,요약문입니다.
378,test_378,요약문입니다.
379,test_379,요약문입니다.
380,test_380,요약문입니다.
381,test_381,요약문입니다.
382,test_382,요약문입니다.
383,test_383,요약문입니다.
384,test_384,요약문입니다.
385,test_385,요약문입니다.
386,test_386,요약문입니다.
387,test_387,요약문입니다.
388,test_388,요약문입니다.
389,test_389,요약문입니다.
390,test_390,요약문입니다.
391,test_391,요약문입니다.
392,test_392,요약문입니다.
393,test_393,요약문입니다.
394,test_394,요약문입니다.
395,test_395,요약문입니다.
396,test_396,요약문입니다.
397,test_397,요약문입니다.
398,test_398,요약문입니다.
399,test_399,요약문입니다.
400,test_400,요약문입니다.
401,test_401,요약문입니다.
402,test_402,요약문입니다.
403,test_403,요약문입니다.
404,test_404,요약문입니다.
405,test_405,요약문입니다.
406,test_406,요약문입니다.
407,test_407,요약문입니다.
408,test_408,요약문입니다.
409,test_409,요약문입니다.
410,test_410,요약문입니다.
411,test_411,요약문입니다.
412,test_412,요약문입니다.
413,test_413,요약문입니다.
414,test_414,요약문입니다.
415,test_415,요약문입니다.
416,test_416,요약문입니다.
417,test_417,요약문입니다.
418,test_418,요약문입니다.
419,test_419,요약문입니다.
420,test_420,요약문입니다.
421,test_421,요약문입니다.
422,test_422,요약문입니다.
423,test_423,요약문입니다.
424,test_424,요약문입니다.
425,test_425,요약문입니다.
426,test_426,요약문입니다.
427,test_427,요약문입니다.
428,test_428,요약문입니다.
429,test_429,요약문입니다.
430,test_430,요약문입니다.
431,test_431,요약문입니다.
432,test_432,요약문입니다.
433,test_433,요약문입니다.
434,test_434,요약문입니다.
435,test_435,요약문입니다.
436,test_436,요약문입니다.
437,test_437,요약문입니다.
438,test_438,요약문입니다.
439,test_439,요약문입니다.
440,test_440,요약문입니다.
441,test_441,요약문입니다.
442,test_442,요약문입니다.
443,test_443,요약문입니다.
444,test_444,요약문입니다.
445,test_445,요약문입니다.
446,test_446,요약문입니다.
447,test_447,요약문입니다.
448,test_448,요약문입니다.
449,test_449,요약문입니다.
450,test_450,요약문입니다.
451,test_451,요약문입니다.
452,test_452,요약문입니다.
453,test_453,요약문입니다.
454,test_454,요약문입니다.
455,test_455,요약문입니다.
456,test_456,요약문입니다.
457,test_457,요약문입니다.
458,test_458,요약문입니다.
459,test_459,요약문입니다.
460,test_460,요약문입니다.
461,test_461,요약문입니다.
462,test_462,요약문입니다.
463,test_463,요약문입니다.
464,test_464,요약문입니다.
465,test_465,요약문입니다.
466,test_467,요약문입니다.
467,test_468,요약문입니다.
468,test_469,요약문입니다.
469,test_470,요약문입니다.
470,test_471,요약문입니다.
471,test_472,요약문입니다.
472,test_473,요약문입니다.
473,test_474,요약문입니다.
474,test_475,요약문입니다.
475,test_476,요약문입니다.
476,test_477,요약문입니다.
477,test_478,요약문입니다.
478,test_479,요약문입니다.
479,test_480,요약문입니다.
480,test_481,요약문입니다.
481,test_482,요약문입니다.
482,test_483,요약문입니다.
483,test_484,요약문입니다.
484,test_485,요약문입니다.
485,test_486,요약문입니다.
486,test_487,요약문입니다.
487,test_488,요약문입니다.
488,test_489,요약문입니다.
489,test_490,요약문입니다.
490,test_491,요약문입니다.
491,test_492,요약문입니다.
492,test_493,요약문입니다.
493,test_494,요약문입니다.
494,test_495,요약문입니다.
495,test_496,요약문입니다.
496,test_497,요약문입니다.
497,test_498,요약문입니다.
498,test_499,요약문입니다.
